ENT-ACCESO-LECTURA|SYS|ENT-SYS-ACCESO-LECTURA
ENT-ACCESO-VPN|SYS|ENT-SYS-ACCESO-VPN
ENT-ACCIDENTE-LABORAL|BACK|ENT-BACK-ACCIDENTE-LABORAL
ENT-ACCIDENTE-LABORAL|ORG|ENT-ORG-ACCIDENTE-LABORAL
ENT-ACCIDENTE-TRABAJO|ORG|ENT-ORG-ACCIDENTE-TRABAJO
ENT-ACCION-PREVENTIVA|SOC|ENT-SOC-ACCION-PREVENTIVA
ENT-ACTA-CONSEJO|GOB|ENT-GOB-ACTA-CONSEJO
ENT-ACTA-CONSEJO|GOV|ENT-GOV-ACTA-CONSEJO
ENT-ACTA-REUNION|NORM|ENT-NORM-ACTA-REUNION
ENT-ACTA-SESION-CORE|GOB|ENT-GOB-ACTA-SESION-CORE
ENT-ACTIVO-ADQUIRIDO|FIN|ENT-FIN-ACTIVO-ADQUIRIDO
ENT-ACTIVO-AUDIOVISUAL|SYS|ENT-SYS-ACTIVO-AUDIOVISUAL
ENT-ACTIVO-FIJO|FIN|ENT-FIN-ACTIVO-FIJO
ENT-ACTIVO-MULTIMEDIA|SYS|ENT-SYS-ACTIVO-MULTIMEDIA
ENT-ACTIVO-TECNOLOGICO|BACK|ENT-BACK-ACTIVO-TECNOLOGICO
ENT-ACTO-ADMINISTRATIVO|NORM|ENT-NORM-ACTO-ADMINISTRATIVO
ENT-ACTO-IMPUGNADO|NORM|ENT-NORM-ACTO-IMPUGNADO
ENT-ACUERDO-CORE|GOV|ENT-GOV-ACUERDO-CORE
ENT-ACUERDO-INTERNACIONAL|CONV|ENT-CONV-ACUERDO-INTERNACIONAL
ENT-ADR|SYS|ENT-SYS-ADR
ENT-AFP|ORG|ENT-ORG-AFP
ENT-AGENDA-AUTORIDAD|GOB|ENT-GOB-AGENDA-AUTORIDAD
ENT-AGENDA-CONJUNTA|GOB|ENT-GOB-AGENDA-CONJUNTA
ENT-AGENDA-ESTRATEGICA|GOB|ENT-GOB-AGENDA-ESTRATEGICA
ENT-AGENDA|SYS|ENT-SYS-AGENDA
ENT-AGRICULTURA-FAMILIAR|TERR|ENT-TERR-AGRICULTURA-FAMILIAR
ENT-AJUSTE-INVENTARIO|FIN|ENT-FIN-AJUSTE-INVENTARIO
ENT-ALCANCE-LOCAL|SOC|ENT-SOC-ALCANCE-LOCAL
ENT-ALERT-RULE|TDE|ENT-TDE-ALERT-RULE
ENT-ALERTA-CUMPLIMIENTO|SYS|ENT-SYS-ALERTA-CUMPLIMIENTO
ENT-ALERTA-CUSTODIA|SYS|ENT-SYS-ALERTA-CUSTODIA
ENT-ALERTA-MORA|SYS|ENT-SYS-ALERTA-MORA
ENT-ALERTA-REPUTACIONAL|SYS|ENT-SYS-ALERTA-REPUTACIONAL
ENT-ALERTA-SEGURIDAD|SYS|ENT-SYS-ALERTA-SEGURIDAD
ENT-ALERTA-UMBRAL|SYS|ENT-SYS-ALERTA-UMBRAL
ENT-ALERTA-VENCIMIENTO|SYS|ENT-SYS-ALERTA-VENCIMIENTO
ENT-ALERTA|SYS|ENT-SYS-ALERTA
ENT-ALGORITMO-CLASIFICACION|SYS|ENT-SYS-ALGORITMO-CLASIFICACION
ENT-ALIANZA-PUBLICO-PRIVADA|PLAN|ENT-PLAN-ALIANZA-PUBLICO-PRIVADA
ENT-ALMACENAMIENTO-SEGURO|SYS|ENT-SYS-ALMACENAMIENTO-SEGURO
ENT-ANALISIS-CAUSA-RAIZ|SYS|ENT-SYS-ANALISIS-CAUSA-RAIZ
ENT-ANOMALIA-DATO|SYS|ENT-SYS-ANOMALIA-DATO
ENT-ANTECEDENTE-PROYECTO|DOC|ENT-DOC-ANTECEDENTE-PROYECTO
ENT-ANTECEDENTES-PROYECTO|EJE|ENT-EJE-ANTECEDENTES-PROYECTO
ENT-APALANCAMIENTO-SECTORIAL|FIN|ENT-FIN-APALANCAMIENTO-SECTORIAL
ENT-API-CATALOG|TDE|ENT-TDE-API-CATALOG
ENT-API-KEY|TDE|ENT-TDE-API-KEY
ENT-APOYO-ECONOMICO|EJEC|ENT-EJEC-APOYO-ECONOMICO
ENT-APROBACION|GOV|ENT-GOV-APROBACION
ENT-ARCHIVO-FISICO|TDE|ENT-TDE-ARCHIVO-FISICO
ENT-AREA-PEDIDO|ORG|ENT-ORG-AREA-PEDIDO
ENT-ARQUEO-CAJA|FIN|ENT-FIN-ARQUEO-CAJA
ENT-ARQUITECTURA-DATOS|TDE|ENT-TDE-ARQUITECTURA-DATOS
ENT-ARQUITECTURA-SISTEMA|SYS|ENT-SYS-ARQUITECTURA-SISTEMA
ENT-ARTICULACION-INTERINSTITUCIONAL|GOB|ENT-GOB-ARTICULACION-INTERINSTITUCIONAL
ENT-ATOMO|SYS|ENT-SYS-ATOMO
ENT-AUDIT-LOG|FIN|ENT-FIN-AUDIT-LOG
ENT-AUDIT-LOG|TDE|ENT-TDE-AUDIT-LOG
ENT-AUDITORIA|NORM|ENT-NORM-AUDITORIA
ENT-AUTH-2FA-TOKEN|TDE|ENT-TDE-AUTH-2FA-TOKEN
ENT-AUTODIAGNOSTICO-CONTROL|NORM|ENT-NORM-AUTODIAGNOSTICO-CONTROL
ENT-AVANCE-FINANCIERO|EJEC|ENT-EJEC-AVANCE-FINANCIERO
ENT-AVANCE-OBRAS|EJEC|ENT-EJEC-AVANCE-OBRAS
ENT-AYUDA-BIENESTAR|BACK|ENT-BACK-AYUDA-BIENESTAR
ENT-BACKLOG|PLAN|ENT-PLAN-BACKLOG
ENT-BACKUP-REG|TDE|ENT-TDE-BACKUP-REG
ENT-BALANCE-ANUAL|FIN|ENT-FIN-BALANCE-ANUAL
ENT-BALANCE-GUBERNAMENTAL|FIN|ENT-FIN-BALANCE-GUBERNAMENTAL
ENT-BALANCE-MENSUAL|FIN|ENT-FIN-BALANCE-MENSUAL
ENT-BANCO|FIN|ENT-FIN-BANCO
ENT-BANDEJA-ENTRADA|EJE|ENT-EJE-BANDEJA-ENTRADA
ENT-BANDEJA-TAREAS|SYS|ENT-SYS-BANDEJA-TAREAS
ENT-BASE-CONOCIMIENTO|SYS|ENT-SYS-BASE-CONOCIMIENTO
ENT-BASE-DATOS-PERSONALES|SYS|ENT-SYS-BASE-DATOS-PERSONALES
ENT-BASE-DATOS|SYS|ENT-SYS-BASE-DATOS
ENT-BASES-CONCURSO|NORM|ENT-NORM-BASES-CONCURSO
ENT-BASES-GLOSA-7|NORM|ENT-NORM-BASES-GLOSA-7
ENT-BASES-LICITACION|FIN|ENT-FIN-BASES-LICITACION
ENT-BCP-PLAN|TDE|ENT-TDE-BCP-PLAN
ENT-BENEFICIARIO-DIRECTO|SOC|ENT-SOC-BENEFICIARIO-DIRECTO
ENT-BENEFICIARIO-FOMENTO|EJEC|ENT-EJEC-BENEFICIARIO-FOMENTO
ENT-BENEFICIARIO|ORG|ENT-ORG-BENEFICIARIO
ENT-BENEFICIO-DIRECTO|ORG|ENT-ORG-BENEFICIO-DIRECTO
ENT-BENEFICIO-PYME|EJEC|ENT-EJEC-BENEFICIO-PYME
ENT-BITACORA-OBRA|EJE|ENT-EJE-BITACORA-OBRA
ENT-BITACORA-OPERATIVA|SYS|ENT-SYS-BITACORA-OPERATIVA
ENT-BITACORA-TERRENO|SOC|ENT-SOC-BITACORA-TERRENO
ENT-BITACORA-TRASLADO|ORG|ENT-ORG-BITACORA-TRASLADO
ENT-BITACORA-USO|BACK|ENT-BACK-BITACORA-USO
ENT-BOLETA-GARANTIA|FIN|ENT-FIN-BOLETA-GARANTIA
ENT-BOLETA-HONORARIOS|FIN|ENT-FIN-BOLETA-HONORARIOS
ENT-BONIFICACION|BACK|ENT-BACK-BONIFICACION
ENT-BRECHA-COMPETENCIA|ORG|ENT-ORG-BRECHA-COMPETENCIA
ENT-BRECHA-GENERO|SOC|ENT-SOC-BRECHA-GENERO
ENT-BRECHA-PRESUPUESTARIA|FIN|ENT-FIN-BRECHA-PRESUPUESTARIA
ENT-BRECHA-TERRITORIAL|PLAN|ENT-PLAN-BRECHA-TERRITORIAL
ENT-BRECHA|PLAN|ENT-PLAN-BRECHA
ENT-BUENA-PRACTICA|NORM|ENT-NORM-BUENA-PRACTICA
ENT-BUSQUEDA-SIMILARIDAD|SYS|ENT-SYS-BUSQUEDA-SIMILARIDAD
ENT-BUSQUEDA|SYS|ENT-SYS-BUSQUEDA
ENT-CALENDAR-BASE|TDE|ENT-TDE-CALENDAR-BASE
ENT-CALENDARIO-EDITORIAL|BACK|ENT-BACK-CALENDARIO-EDITORIAL
ENT-CALENDARIO|SYS|ENT-SYS-CALENDARIO
ENT-CALETA|TERR|ENT-TERR-CALETA
ENT-CALIDAD-DATOS|SYS|ENT-SYS-CALIDAD-DATOS
ENT-CALIDAD-METODOLOGICA|PLAN|ENT-PLAN-CALIDAD-METODOLOGICA
ENT-CALIDAD-PLAN|TDE|ENT-TDE-CALIDAD-PLAN
ENT-CALIDAD-SERVICIO|SOC|ENT-SOC-CALIDAD-SERVICIO
ENT-CALIFICACION|ORG|ENT-ORG-CALIFICACION
ENT-CAMARA-VIGILANCIA|TERR|ENT-TERR-CAMARA-VIGILANCIA
ENT-CAMPAMENTO|TERR|ENT-TERR-CAMPAMENTO
ENT-CAMPANA-DIFUSION|GOB|ENT-GOB-CAMPANA-DIFUSION
ENT-CAMPANA-GRAFICA|BACK|ENT-BACK-CAMPANA-GRAFICA
ENT-CANAL-DIFUSION|BACK|ENT-BACK-CANAL-DIFUSION
ENT-CAPA-GEOGRAFICA|TERR|ENT-TERR-CAPA-GEOGRAFICA
ENT-CAPA-GIS|TERR|ENT-TERR-CAPA-GIS
ENT-CAPACIDAD-INSTITUCIONAL|ORG|ENT-ORG-CAPACIDAD-INSTITUCIONAL
ENT-CAPITAL-HUMANO|TERR|ENT-TERR-CAPITAL-HUMANO
ENT-CARATULA-DIGITAL|TDE|ENT-TDE-CARATULA-DIGITAL
ENT-CARGA-FAMILIAR|ORG|ENT-ORG-CARGA-FAMILIAR
ENT-CARGA-LABORAL|ORG|ENT-ORG-CARGA-LABORAL
ENT-CARGA-TRABAJO|ORG|ENT-ORG-CARGA-TRABAJO
ENT-CARGO-CONFIANZA|BACK|ENT-BACK-CARGO-CONFIANZA
ENT-CARGO-VACANTE|ORG|ENT-ORG-CARGO-VACANTE
ENT-CARPETA-DIGITAL|SYS|ENT-SYS-CARPETA-DIGITAL
ENT-CARTOLA-BANCARIA|FIN|ENT-FIN-CARTOLA-BANCARIA
ENT-CARTOLA-PROPIR|EJEC|ENT-EJEC-CARTOLA-PROPIR
ENT-CASO-CRISIS|SOC|ENT-SOC-CASO-CRISIS
ENT-CATALOGO-SERVICIOS|SYS|ENT-SYS-CATALOGO-SERVICIOS
ENT-CAUSA-JUDICIAL|NORM|ENT-NORM-CAUSA-JUDICIAL
ENT-CDC-COLECTIVO|ORG|ENT-ORG-CDC-COLECTIVO
ENT-CERTIFICACION-NOTARIAL|NORM|ENT-NORM-CERTIFICACION-NOTARIAL
ENT-CERTIFICADO-ANTIGUEDAD|BACK|ENT-BACK-CERTIFICADO-ANTIGUEDAD
ENT-CERTIFICADO-DIGITAL|SYS|ENT-SYS-CERTIFICADO-DIGITAL
ENT-CERTIFICADO-RECEPTOR-FONDOS|EJEC|ENT-EJEC-CERTIFICADO-RECEPTOR-FONDOS
ENT-CERTIFICADO-RECEPTOR-FONDOS|EJE|ENT-EJE-CERTIFICADO-RECEPTOR-FONDOS
ENT-CHECKLIST-BIP|EJEC|ENT-EJEC-CHECKLIST-BIP
ENT-CHECKLIST-CIERRE|EJE|ENT-EJE-CHECKLIST-CIERRE
ENT-CHECKLIST-CIERRE|SYS|ENT-SYS-CHECKLIST-CIERRE
ENT-CHECKLIST-INGRESO|DOC|ENT-DOC-CHECKLIST-INGRESO
ENT-CHECKLIST-NORMATIVO|SYS|ENT-SYS-CHECKLIST-NORMATIVO
ENT-CHECKLIST-REQUISITO|EJEC|ENT-EJEC-CHECKLIST-REQUISITO
ENT-CHECKLIST-VERIFICACION|SYS|ENT-SYS-CHECKLIST-VERIFICACION
ENT-CHECKLIST|SYS|ENT-SYS-CHECKLIST
ENT-CHEQUE-TRANSFERENCIA|FIN|ENT-FIN-CHEQUE-TRANSFERENCIA
ENT-CIERRE-CONTABLE|FIN|ENT-FIN-CIERRE-CONTABLE
ENT-CIERRE-TECNICO|EJE|ENT-EJE-CIERRE-TECNICO
ENT-CIRCULAR-33|FIN|ENT-FIN-CIRCULAR-33
ENT-CLASIFICADOR-PPTAR|FIN|ENT-FIN-CLASIFICADOR-PPTAR
ENT-CLASIFICADOR-PRESUPUESTARIO|FIN|ENT-FIN-CLASIFICADOR-PRESUPUESTARIO
ENT-CLAUSULA|NORM|ENT-NORM-CLAUSULA
ENT-CLIENT-CREDENTIALS|TDE|ENT-TDE-CLIENT-CREDENTIALS
ENT-CLIPPING-MEDIOS|BACK|ENT-BACK-CLIPPING-MEDIOS
ENT-CLIPPING-PRENSA|BACK|ENT-BACK-CLIPPING-PRENSA
ENT-CO-FIRMA-MANCOMUNADA|FIN|ENT-FIN-CO-FIRMA-MANCOMUNADA
ENT-CODIGO-BARRAS|SYS|ENT-SYS-CODIGO-BARRAS
ENT-CODIGO-IMPLEMENTACION|SYS|ENT-SYS-CODIGO-IMPLEMENTACION
ENT-CODIGO-INVENTARIO|SYS|ENT-SYS-CODIGO-INVENTARIO
ENT-COFINANCIAMIENTO|FIN|ENT-FIN-COFINANCIAMIENTO
ENT-COMISION-CORE|GOB|ENT-GOB-COMISION-CORE
ENT-COMISION-SERVICIO|ORG|ENT-ORG-COMISION-SERVICIO
ENT-COMITE-PARITARIO|ORG|ENT-ORG-COMITE-PARITARIO
ENT-COMPARATIVO-PRESUPUESTARIO|FIN|ENT-FIN-COMPARATIVO-PRESUPUESTARIO
ENT-COMPETENCIA-TRANSFERIDA|ORG|ENT-ORG-COMPETENCIA-TRANSFERIDA
ENT-COMPROBANTE-DEVOLUCION|EJE|ENT-EJE-COMPROBANTE-DEVOLUCION
ENT-COMPROMISO-GASTO|FIN|ENT-FIN-COMPROMISO-GASTO
ENT-COMPROMISO|FIN|ENT-FIN-COMPROMISO
ENT-COMUNICACION-CRISIS|GOB|ENT-GOB-COMUNICACION-CRISIS
ENT-COMUNICADO-INTERNO|ORG|ENT-ORG-COMUNICADO-INTERNO
ENT-COMUNICADO-PRENSA|BACK|ENT-BACK-COMUNICADO-PRENSA
ENT-CONDUCTOR|ORG|ENT-ORG-CONDUCTOR
ENT-CONECTIVIDAD-REGIONAL|TDE|ENT-TDE-CONECTIVIDAD-REGIONAL
ENT-CONOCIMIENTO-CURADO|TDE|ENT-TDE-CONOCIMIENTO-CURADO
ENT-CONSEJO-REGIONAL|GOV|ENT-GOV-CONSEJO-REGIONAL
ENT-CONSEJO-SEGURIDAD|SEG|ENT-SEG-CONSEJO-SEGURIDAD
ENT-CONSULTA-CIUDADANA|SOC|ENT-SOC-CONSULTA-CIUDADANA
ENT-CONSULTA-DIRIGENTE|SOC|ENT-SOC-CONSULTA-DIRIGENTE
ENT-CONSULTOR-SANCIONADO|NORM|ENT-NORM-CONSULTOR-SANCIONADO
ENT-CONTABILIDAD-CIERRE|FIN|ENT-FIN-CONTABILIDAD-CIERRE
ENT-CONTINGENCIA-ESTRATEGICA|GOB|ENT-GOB-CONTINGENCIA-ESTRATEGICA
ENT-CONTINGENCIA-LABORAL|ORG|ENT-ORG-CONTINGENCIA-LABORAL
ENT-CONTRATO-HONORARIOS|BACK|ENT-BACK-CONTRATO-HONORARIOS
ENT-CONTRATO-SERVICIO|BACK|ENT-BACK-CONTRATO-SERVICIO
ENT-CONTRATO-SOCIAL|FIN|ENT-FIN-CONTRATO-SOCIAL
ENT-CONTRATO-SUMINISTRO|FIN|ENT-FIN-CONTRATO-SUMINISTRO
ENT-CONTRATO-VIGENTE|BACK|ENT-BACK-CONTRATO-VIGENTE
ENT-CONTROL-JERARQUICO|NORM|ENT-NORM-CONTROL-JERARQUICO
ENT-CONTROL-REGIONAL|NORM|ENT-NORM-CONTROL-REGIONAL
ENT-CONVENIO-COLABORACION|CONV|ENT-CONV-CONVENIO-COLABORACION
ENT-CONVENIO-MANDATO|FIN|ENT-FIN-CONVENIO-MANDATO
ENT-CONVENIO-MARCO|FIN|ENT-FIN-CONVENIO-MARCO
ENT-CONVENIO-PROGRAMACION|CONV|ENT-CONV-CONVENIO-PROGRAMACION
ENT-CONVENIO-TRANSFERENCIA|FIN|ENT-FIN-CONVENIO-TRANSFERENCIA
ENT-CONVERTIDOR-FORMATOS|SYS|ENT-SYS-CONVERTIDOR-FORMATOS
ENT-COOPERACION-INTERNACIONAL|CONV|ENT-CONV-COOPERACION-INTERNACIONAL
ENT-COORDINACION-TERRITORIAL|GOB|ENT-GOB-COORDINACION-TERRITORIAL
ENT-CORPORACION-REGIONAL|GOB|ENT-GOB-CORPORACION-REGIONAL
ENT-CORPORACION|ORG|ENT-ORG-CORPORACION
ENT-CORRELATIVO-INGRESO|TDE|ENT-TDE-CORRELATIVO-INGRESO
ENT-CORRESPONDENCIA|BACK|ENT-BACK-CORRESPONDENCIA
ENT-CORTE-PRESUPUESTARIO|FIN|ENT-FIN-CORTE-PRESUPUESTARIO
ENT-COTIZACION-PREVISIONAL|FIN|ENT-FIN-COTIZACION-PREVISIONAL
ENT-CPHS|ORG|ENT-ORG-CPHS
ENT-CRISIS-COMUNICACIONAL|SOC|ENT-SOC-CRISIS-COMUNICACIONAL
ENT-CRITERIO-EVALUACION|FIN|ENT-FIN-CRITERIO-EVALUACION
ENT-CUADRATURA-DIARIA|FIN|ENT-FIN-CUADRATURA-DIARIA
ENT-CUELLO-BOTELLA|SYS|ENT-SYS-CUELLO-BOTELLA
ENT-CUENTA-CONTABLE|FIN|ENT-FIN-CUENTA-CONTABLE
ENT-CULTURA-INSTITUCIONAL|NORM|ENT-NORM-CULTURA-INSTITUCIONAL
ENT-CUMPLIMIENTO-PAGO-OPC|FIN|ENT-FIN-CUMPLIMIENTO-PAGO-OPC
ENT-CUOTA-PRESTAMO|FIN|ENT-FIN-CUOTA-PRESTAMO
ENT-CURSO-CAPACITACION|ORG|ENT-ORG-CURSO-CAPACITACION
ENT-CURSO-REGISTRO|BACK|ENT-BACK-CURSO-REGISTRO
ENT-DASHBOARD-BI|TDE|ENT-TDE-DASHBOARD-BI
ENT-DASHBOARD-EJECUTIVO|SYS|ENT-SYS-DASHBOARD-EJECUTIVO
ENT-DASHBOARD|SYS|ENT-SYS-DASHBOARD
ENT-DASHBOARD|TDE|ENT-TDE-DASHBOARD
ENT-DATA-SET|TDE|ENT-TDE-DATA-SET
ENT-DATA-WAREHOUSE|TDE|ENT-TDE-DATA-WAREHOUSE
ENT-DATASET-INVESTIGACION|TDE|ENT-TDE-DATASET-INVESTIGACION
ENT-DATOS-CRIMINALIDAD|SEG|ENT-SEG-DATOS-CRIMINALIDAD
ENT-DECISION-TECNICA|SYS|ENT-SYS-DECISION-TECNICA
ENT-DECRETO-HACIENDA|NORM|ENT-NORM-DECRETO-HACIENDA
ENT-DEDUPLICACION-DATO|SYS|ENT-SYS-DEDUPLICACION-DATO
ENT-DEMANDA|NORM|ENT-NORM-DEMANDA
ENT-DENUNCIA-ANONIMA|SEG|ENT-SEG-DENUNCIA-ANONIMA
ENT-DEPRECIACION|FIN|ENT-FIN-DEPRECIACION
ENT-DERECHO-AGUA|TERR|ENT-TERR-DERECHO-AGUA
ENT-DERECHO-PROCEDIMIENTO|BACK|ENT-BACK-DERECHO-PROCEDIMIENTO
ENT-DESCUADRE-CONTABLE|FIN|ENT-FIN-DESCUADRE-CONTABLE
ENT-DESCUENTO-LEGAL|BACK|ENT-BACK-DESCUENTO-LEGAL
ENT-DESCUENTO-LEGAL|FIN|ENT-FIN-DESCUENTO-LEGAL
ENT-DESCUENTO-PLANILLA|FIN|ENT-FIN-DESCUENTO-PLANILLA
ENT-DESVIACION|FIN|ENT-FIN-DESVIACION
ENT-DETECCION-FRAUDE|FIN|ENT-FIN-DETECCION-FRAUDE
ENT-DEUDA-FLOTANTE|FIN|ENT-FIN-DEUDA-FLOTANTE
ENT-DEVENGO-PENDIENTE|FIN|ENT-FIN-DEVENGO-PENDIENTE
ENT-DIAGNOSTICO-PARTICIPATIVO|GOB|ENT-GOB-DIAGNOSTICO-PARTICIPATIVO
ENT-DIAT-DIEP|SYS|ENT-SYS-DIAT-DIEP
ENT-DIAT|SYS|ENT-SYS-DIAT
ENT-DICCIONARIO-DATOS|SYS|ENT-SYS-DICCIONARIO-DATOS
ENT-DICTAMEN|NORM|ENT-NORM-DICTAMEN
ENT-DIFUSION-CONJUNTA|BACK|ENT-BACK-DIFUSION-CONJUNTA
ENT-DIRIGENTE-SOCIAL|SOC|ENT-SOC-DIRIGENTE-SOCIAL
ENT-DISENO-EXPERIENCIA|TDE|ENT-TDE-DISENO-EXPERIENCIA
ENT-DISPOSITIVO-BIOMETRICO|SYS|ENT-SYS-DISPOSITIVO-BIOMETRICO
ENT-DISPOSITIVO-VIDEO|SEG|ENT-SEG-DISPOSITIVO-VIDEO
ENT-DISTRIBUCION-APR|FIN|ENT-FIN-DISTRIBUCION-APR
ENT-DOCUMENTO-SOPORTE|SYS|ENT-SYS-DOCUMENTO-SOPORTE
ENT-DOCUMENTO-TECNICO|SYS|ENT-SYS-DOCUMENTO-TECNICO
ENT-DOCUMENTO-TRIBUTARIO|SYS|ENT-SYS-DOCUMENTO-TRIBUTARIO
ENT-DPO-RAT|TDE|ENT-TDE-DPO-RAT
ENT-DPO-REPORT|TDE|ENT-TDE-DPO-REPORT
ENT-DPO-REQ|TDE|ENT-TDE-DPO-REQ
ENT-EFICIENCIA-ENERGETICA|BACK|ENT-BACK-EFICIENCIA-ENERGETICA
ENT-EJECUCION-PRESUPUESTARIA|FIN|ENT-FIN-EJECUCION-PRESUPUESTARIA
ENT-EMERGENCIA|SYS|ENT-SYS-EMERGENCIA
ENT-ENCARGO-JUDICIAL|SEG|ENT-SEG-ENCARGO-JUDICIAL
ENT-ENCUESTA-CLIMA|BACK|ENT-BACK-ENCUESTA-CLIMA
ENT-ENCUESTA-SAT|TDE|ENT-TDE-ENCUESTA-SAT
ENT-ENTIDAD-DATOS|SYS|ENT-SYS-ENTIDAD-DATOS
ENT-ENTORNO-DESPLIEGUE|SYS|ENT-SYS-ENTORNO-DESPLIEGUE
ENT-ENTORNO-INFRAESTRUCTURA|SYS|ENT-SYS-ENTORNO-INFRAESTRUCTURA
ENT-ENTREGA-INFORMACION-JUDICIAL|NORM|ENT-NORM-ENTREGA-INFORMACION-JUDICIAL
ENT-ENTREGABLE-CONSULTORIA|EJE|ENT-EJE-ENTREGABLE-CONSULTORIA
ENT-EPP-REGISTRO|BACK|ENT-BACK-EPP-REGISTRO
ENT-EQUIPO-INTERVENCION|ORG|ENT-ORG-EQUIPO-INTERVENCION
ENT-ERD-ESTRATEGIA|PLAN|ENT-PLAN-ERD-ESTRATEGIA
ENT-ERP-DATA|FIN|ENT-FIN-ERP-DATA
ENT-ESCRITURA-PUBLICA|NORM|ENT-NORM-ESCRITURA-PUBLICA
ENT-ESTADO-CUENTA|FIN|ENT-FIN-ESTADO-CUENTA
ENT-ESTADO-FINANCIERO|FIN|ENT-FIN-ESTADO-FINANCIERO
ENT-ESTADO-INVERSION|FIN|ENT-FIN-ESTADO-INVERSION
ENT-ESTADO-PAGO-HONORARIOS|FIN|ENT-FIN-ESTADO-PAGO-HONORARIOS
ENT-ESTADO-POSTULACION|EJEC|ENT-EJEC-ESTADO-POSTULACION
ENT-ESTADO-RENDICION|FIN|ENT-FIN-ESTADO-RENDICION
ENT-ESTADO-SITUACION|FIN|ENT-FIN-ESTADO-SITUACION
ENT-ESTADO-TRAMITACION|EJE|ENT-EJE-ESTADO-TRAMITACION
ENT-ESTADO-VERDE-LVL|AMB|ENT-AMB-ESTADO-VERDE-LVL
ENT-ESTRATEGIA-COMUNICACIONAL|BACK|ENT-BACK-ESTRATEGIA-COMUNICACIONAL
ENT-ESTRATEGIA-COMUNICACIONAL|PLAN|ENT-PLAN-ESTRATEGIA-COMUNICACIONAL
ENT-ESTRATEGIA-ERD|PLAN|ENT-PLAN-ESTRATEGIA-ERD
ENT-ESTRATEGIA-MARCA|GOB|ENT-GOB-ESTRATEGIA-MARCA
ENT-ESTRATEGIA-URBANA|PLAN|ENT-PLAN-ESTRATEGIA-URBANA
ENT-ESTUDIO-ESTRATEGICO|PLAN|ENT-PLAN-ESTUDIO-ESTRATEGICO
ENT-ESTUDIO-TECNICO|PLAN|ENT-PLAN-ESTUDIO-TECNICO
ENT-EVALUACION-360|ORG|ENT-ORG-EVALUACION-360
ENT-EVALUACION-TECNICA|FIN|ENT-FIN-EVALUACION-TECNICA
ENT-EVALUACION|FIN|ENT-FIN-EVALUACION
ENT-EVENTO-EMERGENCIA|TERR|ENT-TERR-EVENTO-EMERGENCIA
ENT-EVIDENCIA-CUMPLIMIENTO|EJEC|ENT-EJEC-EVIDENCIA-CUMPLIMIENTO
ENT-EVIDENCIA-DIGITAL|SYS|ENT-SYS-EVIDENCIA-DIGITAL
ENT-EVIDENCIA-PMG|PLAN|ENT-PLAN-EVIDENCIA-PMG
ENT-EVIDENCIA-VIDEO|SEG|ENT-SEG-EVIDENCIA-VIDEO
ENT-EXECUTION-LOG|TDE|ENT-TDE-EXECUTION-LOG
ENT-EXPEDIENTE-CIERRE|EJE|ENT-EJE-EXPEDIENTE-CIERRE
ENT-EXPEDIENTE-CONFIDENCIAL|SYS|ENT-SYS-EXPEDIENTE-CONFIDENCIAL
ENT-EXPEDIENTE-ELECTRONICO|SYS|ENT-SYS-EXPEDIENTE-ELECTRONICO
ENT-EXPEDIENTE-INTERVENCION|SOC|ENT-SOC-EXPEDIENTE-INTERVENCION
ENT-EXPEDIENTE-JUDICIAL|SYS|ENT-SYS-EXPEDIENTE-JUDICIAL
ENT-EXPEDIENTE-ORIGINAL|NORM|ENT-NORM-EXPEDIENTE-ORIGINAL
ENT-EXPEDIENTE-PERSONAL|ORG|ENT-ORG-EXPEDIENTE-PERSONAL
ENT-EXPEDIENTE-PRESUPUESTARIO|FIN|ENT-FIN-EXPEDIENTE-PRESUPUESTARIO
ENT-EXPEDIENTE-SUMARIO|NORM|ENT-NORM-EXPEDIENTE-SUMARIO
ENT-EXPEDIENTE-TECNICO|SYS|ENT-SYS-EXPEDIENTE-TECNICO
ENT-EXPEDIENTE-VICTIMA|SEG|ENT-SEG-EXPEDIENTE-VICTIMA
ENT-FAST-TRACK-APROBACION|FIN|ENT-FIN-FAST-TRACK-APROBACION
ENT-FEATURE-FLAG|SYS|ENT-SYS-FEATURE-FLAG
ENT-FEED-VIDEO|SYS|ENT-SYS-FEED-VIDEO
ENT-FICHA-C33|EJEC|ENT-EJEC-FICHA-C33
ENT-FICHA-EVALUACION|FIN|ENT-FIN-FICHA-EVALUACION
ENT-FICHA-SOCIAL|SOC|ENT-SOC-FICHA-SOCIAL
ENT-FIN-PROPOSITO-COMPONENTE|PLAN|ENT-PLAN-FIN-PROPOSITO-COMPONENTE
ENT-FINIQUITO|FIN|ENT-FIN-FINIQUITO
ENT-FIRMA-CONTINGENCIA|TDE|ENT-TDE-FIRMA-CONTINGENCIA
ENT-FLUJO-VEHICULAR|TERR|ENT-TERR-FLUJO-VEHICULAR
ENT-FOMENTO-PRODUCTIVO|EJEC|ENT-EJEC-FOMENTO-PRODUCTIVO
ENT-FONASA-ISAPRE|ORG|ENT-ORG-FONASA-ISAPRE
ENT-FONDO-CONCURSABLE|EJEC|ENT-EJEC-FONDO-CONCURSABLE
ENT-FONDO-CONCURSABLE|SOC|ENT-SOC-FONDO-CONCURSABLE
ENT-FONDO-EMERGENCIA|FIN|ENT-FIN-FONDO-EMERGENCIA
ENT-FONDO-FIJO|FIN|ENT-FIN-FONDO-FIJO
ENT-FORMULARIO-F2|SYS|ENT-SYS-FORMULARIO-F2
ENT-FORMULARIO-MOVIL|SYS|ENT-SYS-FORMULARIO-MOVIL
ENT-FORMULARIO|SYS|ENT-SYS-FORMULARIO
ENT-GABINETE-REGIONAL|GOB|ENT-GOB-GABINETE-REGIONAL
ENT-GARANTIA-BANCARIA|FIN|ENT-FIN-GARANTIA-BANCARIA
ENT-GARANTIA-CONTRATO|FIN|ENT-FIN-GARANTIA-CONTRATO
ENT-GARANTIA-LIBERADA|FIN|ENT-FIN-GARANTIA-LIBERADA
ENT-GASTO-MENOR|FIN|ENT-FIN-GASTO-MENOR
ENT-GASTO-OPERATIVO|FIN|ENT-FIN-GASTO-OPERATIVO
ENT-GESTOR-INTERESES|GOB|ENT-GOB-GESTOR-INTERESES
ENT-GLOSA-EMERGENCIA|FIN|ENT-FIN-GLOSA-EMERGENCIA
ENT-GOBERNANZA-DATOS|SYS|ENT-SYS-GOBERNANZA-DATOS
ENT-GOLDEN-RECORD|SYS|ENT-SYS-GOLDEN-RECORD
ENT-GRABACION-EVIDENCIA|SYS|ENT-SYS-GRABACION-EVIDENCIA
ENT-GRUPO-PILOTO|SYS|ENT-SYS-GRUPO-PILOTO
ENT-GUBERNANZA-IA|TDE|ENT-TDE-GUBERNANZA-IA
ENT-GUIA-BASES|EJEC|ENT-EJEC-GUIA-BASES
ENT-HALLAZGO|NORM|ENT-NORM-HALLAZGO
ENT-HASH-INTEGRIDAD|SEG|ENT-SEG-HASH-INTEGRIDAD
ENT-HISTORIAL-LABORAL|ORG|ENT-ORG-HISTORIAL-LABORAL
ENT-HISTORIAL-POSTULACIONES|EJE|ENT-EJE-HISTORIAL-POSTULACIONES
ENT-HITO-COMUNICACIONAL|BACK|ENT-BACK-HITO-COMUNICACIONAL
ENT-HITO-CUMPLIDO|EJE|ENT-EJE-HITO-CUMPLIDO
ENT-HITO-PROYECTO|EJEC|ENT-EJEC-HITO-PROYECTO
ENT-HORA-EXTRA|ORG|ENT-ORG-HORA-EXTRA
ENT-IAC-TEMPLATE|SYS|ENT-SYS-IAC-TEMPLATE
ENT-IDE-REGIONAL|TERR|ENT-TERR-IDE-REGIONAL
ENT-IMAGEN-INSTITUCIONAL|SOC|ENT-SOC-IMAGEN-INSTITUCIONAL
ENT-IMPUESTO-AD-VALOREM|FIN|ENT-FIN-IMPUESTO-AD-VALOREM
ENT-INCENDIO-FORESTAL|TERR|ENT-TERR-INCENDIO-FORESTAL
ENT-INCIDENCIA-POLITICA|SEG|ENT-SEG-INCIDENCIA-POLITICA
ENT-INCIDENTE-ATENCION|SOC|ENT-SOC-INCIDENTE-ATENCION
ENT-INCIDENTE-LABORAL|ORG|ENT-ORG-INCIDENTE-LABORAL
ENT-INCIDENTE-REGISTRO|SEG|ENT-SEG-INCIDENTE-REGISTRO
ENT-INCIDENTE|TERR|ENT-TERR-INCIDENTE
ENT-INDICADOR-CALIDAD|NORM|ENT-NORM-INDICADOR-CALIDAD
ENT-INDICADOR-CTCI|PLAN|ENT-PLAN-INDICADOR-CTCI
ENT-INDICADOR-CTI|TDE|ENT-TDE-INDICADOR-CTI
ENT-INDICADOR-DIGITALIZACION|TDE|ENT-TDE-INDICADOR-DIGITALIZACION
ENT-INDICADOR-EMPLEABILIDAD|EJEC|ENT-EJEC-INDICADOR-EMPLEABILIDAD
ENT-INDICADOR-FORMALIZACION|EJEC|ENT-EJEC-INDICADOR-FORMALIZACION
ENT-INDICADOR-GENERO|PLAN|ENT-PLAN-INDICADOR-GENERO
ENT-INDICADOR-GENERO|SOC|ENT-SOC-INDICADOR-GENERO
ENT-INDICADOR-INDIC|FIN|ENT-FIN-INDICADOR-INDIC
ENT-INDICADOR-LOGRO|PLAN|ENT-PLAN-INDICADOR-LOGRO
ENT-INDICADOR-PRESENCIA-MEDIOS|BACK|ENT-BACK-INDICADOR-PRESENCIA-MEDIOS
ENT-INDICADOR-TENDENCIA|GOB|ENT-GOB-INDICADOR-TENDENCIA
ENT-INDICADOR|PLAN|ENT-PLAN-INDICADOR
ENT-INFORME-ACTIVIDADES|DIG|ENT-DIG-INFORME-ACTIVIDADES
ENT-INFORME-AUDITORIA|NORM|ENT-NORM-INFORME-AUDITORIA
ENT-INFORME-AUTONOMIA|GOB|ENT-GOB-INFORME-AUTONOMIA
ENT-INFORME-AVANCE-FISICO|EJEC|ENT-EJEC-INFORME-AVANCE-FISICO
ENT-INFORME-CONCILIACION|FIN|ENT-FIN-INFORME-CONCILIACION
ENT-INFORME-CUMPLIMIENTO|FIN|ENT-FIN-INFORME-CUMPLIMIENTO
ENT-INFORME-TECNICO-EVALUACION|EJE|ENT-EJE-INFORME-TECNICO-EVALUACION
ENT-INFORME-TECNICO|SYS|ENT-SYS-INFORME-TECNICO
ENT-INFRAESTRUCTURA-EDUCATIVA|SOC|ENT-SOC-INFRAESTRUCTURA-EDUCATIVA
ENT-INFRAESTRUCTURA-ESTRATEGICA|TERR|ENT-TERR-INFRAESTRUCTURA-ESTRATEGICA
ENT-INFRAESTRUCTURA-SALUD|SOC|ENT-SOC-INFRAESTRUCTURA-SALUD
ENT-INFRAESTRUCTURA-TI|SYS|ENT-SYS-INFRAESTRUCTURA-TI
ENT-INFRAESTRUCTURA|ORG|ENT-ORG-INFRAESTRUCTURA
ENT-INICIATIVA-INVERSION|EJEC|ENT-EJEC-INICIATIVA-INVERSION
ENT-INSCRIPCION|SYS|ENT-SYS-INSCRIPCION
ENT-INSPECCION-TERRENO|EJE|ENT-EJE-INSPECCION-TERRENO
ENT-INSTRUMENTO-FOMENTO|EJE|ENT-EJE-INSTRUMENTO-FOMENTO
ENT-INTEROP-API|TDE|ENT-TDE-INTEROP-API
ENT-INTEROPERABILIDAD-NACIONAL|SYS|ENT-SYS-INTEROPERABILIDAD-NACIONAL
ENT-INTEROPERABILIDAD-SIAPER|SYS|ENT-SYS-INTEROPERABILIDAD-SIAPER
ENT-INTRANET-CANAL|ORG|ENT-ORG-INTRANET-CANAL
ENT-INTRANET-RESOURCE|TDE|ENT-TDE-INTRANET-RESOURCE
ENT-INVERSION-SECTORIAL|FIN|ENT-FIN-INVERSION-SECTORIAL
ENT-INVESTIGACION-PENAL|NORM|ENT-NORM-INVESTIGACION-PENAL
ENT-INVESTIGADOR|ORG|ENT-ORG-INVESTIGADOR
ENT-IPR-PAGO|FIN|ENT-FIN-IPR-PAGO
ENT-IPT|TERR|ENT-TERR-IPT
ENT-ITEM-BODEGA|ORG|ENT-ORG-ITEM-BODEGA
ENT-ITEM-COSTO|EJEC|ENT-EJEC-ITEM-COSTO
ENT-JOB-SCHEDULER|TDE|ENT-TDE-JOB-SCHEDULER
ENT-JUNTA-CALIFICADORA|ORG|ENT-ORG-JUNTA-CALIFICADORA
ENT-JURISPRUDENCIA|NORM|ENT-NORM-JURISPRUDENCIA
ENT-KPI-INSTITUCIONAL|TDE|ENT-TDE-KPI-INSTITUCIONAL
ENT-LEY-LOBBY|NORM|ENT-NORM-LEY-LOBBY
ENT-LEY-PROBIDAD|NORM|ENT-NORM-LEY-PROBIDAD
ENT-LIBRO-CAJA|FIN|ENT-FIN-LIBRO-CAJA
ENT-LICENCIA-MEDICA|ORG|ENT-ORG-LICENCIA-MEDICA
ENT-LINEAMIENTO-CAIGG|NORM|ENT-NORM-LINEAMIENTO-CAIGG
ENT-LIQUIDACION-SUELDO|BACK|ENT-BACK-LIQUIDACION-SUELDO
ENT-LIQUIDACION-SUELDO|FIN|ENT-FIN-LIQUIDACION-SUELDO
ENT-LISTA-PRIORIZADA|SYS|ENT-SYS-LISTA-PRIORIZADA
ENT-LITIGIO-CONSTITUCIONAL|NORM|ENT-NORM-LITIGIO-CONSTITUCIONAL
ENT-LITIGIO-JUDICIAL|NORM|ENT-NORM-LITIGIO-JUDICIAL
ENT-LLAMADO|FIN|ENT-FIN-LLAMADO
ENT-LLAVE-PRIVADA|SYS|ENT-SYS-LLAVE-PRIVADA
ENT-LMS-PLATAFORMA|SYS|ENT-SYS-LMS-PLATAFORMA
ENT-LOG-AUDITORIA|SYS|ENT-SYS-LOG-AUDITORIA
ENT-LOG-ERROR|SYS|ENT-SYS-LOG-ERROR
ENT-LOG-TRANSACCION|SYS|ENT-SYS-LOG-TRANSACCION
ENT-LOGS-CAMBIOS|SYS|ENT-SYS-LOGS-CAMBIOS
ENT-LOGS-ERRORES|SYS|ENT-SYS-LOGS-ERRORES
ENT-LOGS-QUERIES|SYS|ENT-SYS-LOGS-QUERIES
ENT-LOGS-SISTEMA|SYS|ENT-SYS-LOGS-SISTEMA
ENT-MANTENCION-PREVENTIVA|BACK|ENT-BACK-MANTENCION-PREVENTIVA
ENT-MANUAL-NORMA-GRAFICA|BACK|ENT-BACK-MANUAL-NORMA-GRAFICA
ENT-MAPA-CALOR|TERR|ENT-TERR-MAPA-CALOR
ENT-MAPA-DELITUAL|TERR|ENT-TERR-MAPA-DELITUAL
ENT-MAPA-INVERSION|TERR|ENT-TERR-MAPA-INVERSION
ENT-MAPA-PODER|GOB|ENT-GOB-MAPA-PODER
ENT-MAPA-PROCESOS|TDE|ENT-TDE-MAPA-PROCESOS
ENT-MAPA-PROYECTOS|TERR|ENT-TERR-MAPA-PROYECTOS
ENT-MAPA-RIESGO|TERR|ENT-TERR-MAPA-RIESGO
ENT-MAQUINARIA|ORG|ENT-ORG-MAQUINARIA
ENT-MARCA-REGIONAL|BACK|ENT-BACK-MARCA-REGIONAL
ENT-MARCO-LOGICO|PLAN|ENT-PLAN-MARCO-LOGICO
ENT-MARCO-PRESUPUESTARIO|FIN|ENT-FIN-MARCO-PRESUPUESTARIO
ENT-MATERIAL-GRAFICO|BACK|ENT-BACK-MATERIAL-GRAFICO
ENT-MATRIZ-CALIFICACION|EJEC|ENT-EJEC-MATRIZ-CALIFICACION
ENT-MATRIZ-COMPATIBILIDAD|TDE|ENT-TDE-MATRIZ-COMPATIBILIDAD
ENT-MATRIZ-CONTROL|NORM|ENT-NORM-MATRIZ-CONTROL
ENT-MATRIZ-CURRICULAR|ORG|ENT-ORG-MATRIZ-CURRICULAR
ENT-MATRIZ-EVALUACION|FIN|ENT-FIN-MATRIZ-EVALUACION
ENT-MEJORA-CONTINUA|ORG|ENT-ORG-MEJORA-CONTINUA
ENT-MEMORIA-HISTORICA|ORG|ENT-ORG-MEMORIA-HISTORICA
ENT-MERCADO-PUBLICO|EXT|ENT-EXT-MERCADO-PUBLICO
ENT-MESA-ARTICULACION|GOB|ENT-GOB-MESA-ARTICULACION
ENT-MESA-GABINETES|GOB|ENT-GOB-MESA-GABINETES
ENT-MESA-TECNICA|PLAN|ENT-PLAN-MESA-TECNICA
ENT-METADATO-EXPEDIENTE|SYS|ENT-SYS-METADATO-EXPEDIENTE
ENT-METADATO-EXTRACTO|DIG|ENT-DIG-METADATO-EXTRACTO
ENT-METADATO-GIS|TERR|ENT-TERR-METADATO-GIS
ENT-META|PLAN|ENT-PLAN-META
ENT-METRICA-CICLO|SYS|ENT-SYS-METRICA-CICLO
ENT-METRICA-DESEMPENO|ORG|ENT-ORG-METRICA-DESEMPENO
ENT-METRICA-PERFORMANCE|SYS|ENT-SYS-METRICA-PERFORMANCE
ENT-METRICA-RRHH|ORG|ENT-ORG-METRICA-RRHH
ENT-MINUTA-CORE|GOV|ENT-GOV-MINUTA-CORE
ENT-MINUTA-EJECUTIVA|NORM|ENT-NORM-MINUTA-EJECUTIVA
ENT-MISION-ESTRATEGICA|GOB|ENT-GOB-MISION-ESTRATEGICA
ENT-MISION-EXTRANJERA|GOB|ENT-GOB-MISION-EXTRANJERA
ENT-MODELO-DATOS|SYS|ENT-SYS-MODELO-DATOS
ENT-MODIFICACION-PPTARIA|FIN|ENT-FIN-MODIFICACION-PPTARIA
ENT-MONTO-SOLICITADO|FIN|ENT-FIN-MONTO-SOLICITADO
ENT-MOVIMIENTO-BANCARIO|FIN|ENT-FIN-MOVIMIENTO-BANCARIO
ENT-MOVIMIENTO-CONTABLE|FIN|ENT-FIN-MOVIMIENTO-CONTABLE
ENT-MOVIMIENTO-SIGFE|FIN|ENT-FIN-MOVIMIENTO-SIGFE
ENT-MUTUALIDAD|ORG|ENT-ORG-MUTUALIDAD
ENT-NOTA-PRENSA|COM|ENT-COM-NOTA-PRENSA
ENT-NOTICIA-OFICIAL|BACK|ENT-BACK-NOTICIA-OFICIAL
ENT-NOTIF-EVENT|TDE|ENT-TDE-NOTIF-EVENT
ENT-NOTIFICACION|SYS|ENT-SYS-NOTIFICACION
ENT-NOTIFICACION|TDE|ENT-TDE-NOTIFICACION
ENT-OBJETIVO-ESTRATEGICO|PLAN|ENT-PLAN-OBJETIVO-ESTRATEGICO
ENT-OBJETO-APRENDIZAJE|SYS|ENT-SYS-OBJETO-APRENDIZAJE
ENT-OBLIGACION-TRANSPARENCIA|NORM|ENT-NORM-OBLIGACION-TRANSPARENCIA
ENT-OBRA-CIVIL|EJE|ENT-EJE-OBRA-CIVIL
ENT-OBRA-VIAL|EJEC|ENT-EJEC-OBRA-VIAL
ENT-OBSERVACION-TECNICA|EJE|ENT-EJE-OBSERVACION-TECNICA
ENT-OBSERVACION|FIN|ENT-FIN-OBSERVACION
ENT-OBSERVATORIO-DATOS|TDE|ENT-TDE-OBSERVATORIO-DATOS
ENT-OCR-ENGINE|DIG|ENT-DIG-OCR-ENGINE
ENT-OFERTA|FIN|ENT-FIN-OFERTA
ENT-OFICIO-JUDICIAL|NORM|ENT-NORM-OFICIO-JUDICIAL
ENT-OGUC|NORM|ENT-NORM-OGUC
ENT-OIRS-TICKET|TDE|ENT-TDE-OIRS-TICKET
ENT-ONBOARDING|ORG|ENT-ORG-ONBOARDING
ENT-ONTOLOGIA|SYS|ENT-SYS-ONTOLOGIA
ENT-OPERATIVO-POLICIAL|TERR|ENT-TERR-OPERATIVO-POLICIAL
ENT-ORDEN-COMPRA|FIN|ENT-FIN-ORDEN-COMPRA
ENT-ORDEN-FIFO|SYS|ENT-SYS-ORDEN-FIFO
ENT-ORDEN-JUDICIAL|NORM|ENT-NORM-ORDEN-JUDICIAL
ENT-ORDEN-PUBLICO|NORM|ENT-NORM-ORDEN-PUBLICO
ENT-ORDEN-TRABAJO-MANT|ORG|ENT-ORG-ORDEN-TRABAJO-MANT
ENT-ORGANIZACION-PESQUERA|SOC|ENT-SOC-ORGANIZACION-PESQUERA
ENT-ORGANIZACION-SOCIAL|SOC|ENT-SOC-ORGANIZACION-SOCIAL
ENT-ORGANIZACION|SOC|ENT-SOC-ORGANIZACION
ENT-PAC-CAPACITACION|ORG|ENT-ORG-PAC-CAPACITACION
ENT-PAGO|FIN|ENT-FIN-PAGO
ENT-PARTIDA-PENDIENTE|FIN|ENT-FIN-PARTIDA-PENDIENTE
ENT-PATENTE-LPR|SEG|ENT-SEG-PATENTE-LPR
ENT-PATROCINIO-GORE|EJEC|ENT-EJEC-PATROCINIO-GORE
ENT-PEDIDO-MANTENCION|SYS|ENT-SYS-PEDIDO-MANTENCION
ENT-PERFIL-CIUDADANO|SOC|ENT-SOC-PERFIL-CIUDADANO
ENT-PERFIL-COMPETENCIAL|ORG|ENT-ORG-PERFIL-COMPETENCIAL
ENT-PERFIL-GENERO|SOC|ENT-SOC-PERFIL-GENERO
ENT-PERFIL-SOCIAL|SOC|ENT-SOC-PERFIL-SOCIAL
ENT-PERFIL-SOCIOECONOMICO|SOC|ENT-SOC-PERFIL-SOCIOECONOMICO
ENT-PERMISO|SYS|ENT-SYS-PERMISO
ENT-PERSONAL-HONORARIOS|ORG|ENT-ORG-PERSONAL-HONORARIOS
ENT-PIPELINE-VALIDACION|SYS|ENT-SYS-PIPELINE-VALIDACION
ENT-PIPELINE|SYS|ENT-SYS-PIPELINE
ENT-PISEE-CONREQ|TDE|ENT-TDE-PISEE-CONREQ
ENT-PLAN-CAPACITACION|BACK|ENT-BACK-PLAN-CAPACITACION
ENT-PLAN-CAPACITACION|ORG|ENT-ORG-PLAN-CAPACITACION
ENT-PLAN-COMPRAS|FIN|ENT-FIN-PLAN-COMPRAS
ENT-PLAN-COMUNAL-SEG|SEG|ENT-SEG-PLAN-COMUNAL-SEG
ENT-PLAN-CONTINGENCIA|SYS|ENT-SYS-PLAN-CONTINGENCIA
ENT-PLAN-EMERGENCIA-REGIONAL|SOC|ENT-SOC-PLAN-EMERGENCIA-REGIONAL
ENT-PLAN-EMERGENCIA|SOC|ENT-SOC-PLAN-EMERGENCIA
ENT-PLAN-FORTALECIMIENTO|ORG|ENT-ORG-PLAN-FORTALECIMIENTO
ENT-PLAN-INDUCCION|BACK|ENT-BACK-PLAN-INDUCCION
ENT-PLAN-INDUCCION|ORG|ENT-ORG-PLAN-INDUCCION
ENT-PLAN-MANTENIMIENTO|BACK|ENT-BACK-PLAN-MANTENIMIENTO
ENT-PLAN-REDUCCION-RIESGO|SOC|ENT-SOC-PLAN-REDUCCION-RIESGO
ENT-PLAN-REGULADOR|TERR|ENT-TERR-PLAN-REGULADOR
ENT-PLAN-SEGURIDAD-REG|SEG|ENT-SEG-PLAN-SEGURIDAD-REG
ENT-PLAN-TRANSFORMACION|TDE|ENT-TDE-PLAN-TRANSFORMACION
ENT-PLANTILLA-REPORTE|SYS|ENT-SYS-PLANTILLA-REPORTE
ENT-PLANTILLA|SYS|ENT-SYS-PLANTILLA
ENT-PLATAFORMA-CIES|SYS|ENT-SYS-PLATAFORMA-CIES
ENT-PLATAFORMA-OBSERVABILIDAD|SYS|ENT-SYS-PLATAFORMA-OBSERVABILIDAD
ENT-PLATFORM-CATALOG|TDE|ENT-TDE-PLATFORM-CATALOG
ENT-PMG-INSTITUCIONAL|ORG|ENT-ORG-PMG-INSTITUCIONAL
ENT-POLITICA-NAC-SEG|NORM|ENT-NORM-POLITICA-NAC-SEG
ENT-POLITICA-SEGURIDAD|TDE|ENT-TDE-POLITICA-SEGURIDAD
ENT-POSICIONAMIENTO-REGIONAL|PLAN|ENT-PLAN-POSICIONAMIENTO-REGIONAL
ENT-POSICIONAMIENTO-REPUTACIONAL|SOC|ENT-SOC-POSICIONAMIENTO-REPUTACIONAL
ENT-POSTULACION-PROYECTO|EJE|ENT-EJE-POSTULACION-PROYECTO
ENT-POSTULANTE|ORG|ENT-ORG-POSTULANTE
ENT-PPR-INICIATIVA|EJEC|ENT-EJEC-PPR-INICIATIVA
ENT-PRC|PLAN|ENT-PLAN-PRC
ENT-PRECIO-REFERENCIAL|FIN|ENT-FIN-PRECIO-REFERENCIAL
ENT-PRESTAMO-BIENESTAR|FIN|ENT-FIN-PRESTAMO-BIENESTAR
ENT-PRESUPUESTO-GASTO-CORRIENTE|FIN|ENT-FIN-PRESUPUESTO-GASTO-CORRIENTE
ENT-PRIORIDAD-INVERSION|SOC|ENT-SOC-PRIORIDAD-INVERSION
ENT-PROBIDAD-ADMINISTRATIVA|NORM|ENT-NORM-PROBIDAD-ADMINISTRATIVA
ENT-PROBLEMA-ESCALADO|SYS|ENT-SYS-PROBLEMA-ESCALADO
ENT-PROBLEMATICA-MUNICIPAL|COMV|ENT-COMV-PROBLEMATICA-MUNICIPAL
ENT-PROCESO-DIGITALIZADO|SYS|ENT-SYS-PROCESO-DIGITALIZADO
ENT-PRODUCTO-CATALOGO|FIN|ENT-FIN-PRODUCTO-CATALOGO
ENT-PROGRAMA-02-FNDR|FIN|ENT-FIN-PROGRAMA-02-FNDR
ENT-PROGRAMA-BIENESTAR|ORG|ENT-ORG-PROGRAMA-BIENESTAR
ENT-PROGRAMA-CAPACITACION|EJEC|ENT-EJEC-PROGRAMA-CAPACITACION
ENT-PROGRAMA-ECONOMICO|EJEC|ENT-EJEC-PROGRAMA-ECONOMICO
ENT-PROGRAMA-FIC|EJEC|ENT-EJEC-PROGRAMA-FIC
ENT-PROGRAMA-PPR|FIN|ENT-FIN-PROGRAMA-PPR
ENT-PROGRAMA-PRESIDENCIAL|PLAN|ENT-PLAN-PROGRAMA-PRESIDENCIAL
ENT-PROGRAMA-PYME|EJEC|ENT-EJEC-PROGRAMA-PYME
ENT-PROGRAMA-VIOLENCIA-GENERO|SOC|ENT-SOC-PROGRAMA-VIOLENCIA-GENERO
ENT-PROMPT-REGISTRY|TDE|ENT-TDE-PROMPT-REGISTRY
ENT-PROPUESTA-INVERSION|FIN|ENT-FIN-PROPUESTA-INVERSION
ENT-PRORROGA-CONVENIO|FIN|ENT-FIN-PRORROGA-CONVENIO
ENT-PROT-ORDENAMIENTO|TERR|ENT-TERR-PROT-ORDENAMIENTO
ENT-PROTOCOLO-ACUERDO|CONV|ENT-CONV-PROTOCOLO-ACUERDO
ENT-PROTOCOLO-EMERGENCIA|SYS|ENT-SYS-PROTOCOLO-EMERGENCIA
ENT-PROTOCOLO-ESCALAMIENTO|SYS|ENT-SYS-PROTOCOLO-ESCALAMIENTO
ENT-PROTOCOLO-INTERVENCION|SOC|ENT-SOC-PROTOCOLO-INTERVENCION
ENT-PROTOCOLO-RECUPERACION|SYS|ENT-SYS-PROTOCOLO-RECUPERACION
ENT-PROTOCOLO-RESPUESTA|SYS|ENT-SYS-PROTOCOLO-RESPUESTA
ENT-PROVEEDOR-BENEFICIO|ORG|ENT-ORG-PROVEEDOR-BENEFICIO
ENT-PROYECTO-AGRICOLA|EJEC|ENT-EJEC-PROYECTO-AGRICOLA
ENT-PROYECTO-APR|SOC|ENT-SOC-PROYECTO-APR
ENT-PROYECTO-COMUNAL|TERR|ENT-TERR-PROYECTO-COMUNAL
ENT-PROYECTO-COMUNITARIO|SOC|ENT-SOC-PROYECTO-COMUNITARIO
ENT-PROYECTO-CONCURSABLE|SOC|ENT-SOC-PROYECTO-CONCURSABLE
ENT-PROYECTO-HIDRICO|TERR|ENT-TERR-PROYECTO-HIDRICO
ENT-PROYECTO-INFRA|EJEC|ENT-EJEC-PROYECTO-INFRA
ENT-PROYECTO-OBRA|EJEC|ENT-EJEC-PROYECTO-OBRA
ENT-PROYECTO-PRODUCTIVO|EJE|ENT-EJE-PROYECTO-PRODUCTIVO
ENT-PROYECTO-SEGURIDAD|PLAN|ENT-PLAN-PROYECTO-SEGURIDAD
ENT-PROYECTO-VIAL|TERR|ENT-TERR-PROYECTO-VIAL
ENT-PROYECTO-VIVIENDA|EJEC|ENT-EJEC-PROYECTO-VIVIENDA
ENT-PUBLICACION-RRSS|BACK|ENT-BACK-PUBLICACION-RRSS
ENT-PUNTAJE-EVALUACION|ORG|ENT-ORG-PUNTAJE-EVALUACION
ENT-PUNTO-CRITICO|SEG|ENT-SEG-PUNTO-CRITICO
ENT-PUNTO-GEOGRAFICO|LOC|ENT-LOC-PUNTO-GEOGRAFICO
ENT-RANKING-PRIORIZACION|PLAN|ENT-PLAN-RANKING-PRIORIZACION
ENT-RECLAMO-LABORAL|SOC|ENT-SOC-RECLAMO-LABORAL
ENT-RECO-ENCUESTA|BACK|ENT-BACK-RECO-ENCUESTA
ENT-RECOMENDACION-SOCIOECONOMICA|EJE|ENT-EJE-RECOMENDACION-SOCIOECONOMICA
ENT-RECOMENDACION|NORM|ENT-NORM-RECOMENDACION
ENT-RECURSO-BRANDING|BACK|ENT-BACK-RECURSO-BRANDING
ENT-RECURSO-CONAF|TERR|ENT-TERR-RECURSO-CONAF
ENT-RECURSO-CRITICO|TDE|ENT-TDE-RECURSO-CRITICO
ENT-RECURSO-INFRA|TDE|ENT-TDE-RECURSO-INFRA
ENT-RECURSO-JERARQUICO|NORM|ENT-NORM-RECURSO-JERARQUICO
ENT-RECURSO-MOVIL|SEG|ENT-SEG-RECURSO-MOVIL
ENT-REEMBOLSO-MEDICO|FIN|ENT-FIN-REEMBOLSO-MEDICO
ENT-REEVALUACION-PROYECTO|EJE|ENT-EJE-REEVALUACION-PROYECTO
ENT-REGISTRO-ASISTENCIA|ORG|ENT-ORG-REGISTRO-ASISTENCIA
ENT-REGISTRO-DESPACHO|TDE|ENT-TDE-REGISTRO-DESPACHO
ENT-REGISTRO-DPO|SYS|ENT-SYS-REGISTRO-DPO
ENT-REGISTRO-FINANCIERO|FIN|ENT-FIN-REGISTRO-FINANCIERO
ENT-REGLAMENTO-ETICO-IA|NORM|ENT-NORM-REGLAMENTO-ETICO-IA
ENT-REGLAMENTO-INVERSION|NORM|ENT-NORM-REGLAMENTO-INVERSION
ENT-REMUNERACION|BACK|ENT-BACK-REMUNERACION
ENT-REMUNERACION|FIN|ENT-FIN-REMUNERACION
ENT-RENTABILIDAD-SOCIAL|FIN|ENT-FIN-RENTABILIDAD-SOCIAL
ENT-RENTABILIDAD-SOCIAL|ORM|ENT-ORM-RENTABILIDAD-SOCIAL
ENT-REPORT-GOV|TDE|ENT-TDE-REPORT-GOV
ENT-REPORTE-ACCESIBILIDAD|TDE|ENT-TDE-REPORTE-ACCESIBILIDAD
ENT-REPORTE-CLIPPING|GOB|ENT-GOB-REPORTE-CLIPPING
ENT-REPORTE-DIPRES|NORM|ENT-NORM-REPORTE-DIPRES
ENT-REPORTE-EJECUTIVO|GOB|ENT-GOB-REPORTE-EJECUTIVO
ENT-REPORTE-ESTATICO|PLAN|ENT-PLAN-REPORTE-ESTATICO
ENT-REPORTE-FISCALIZACION|NORM|ENT-NORM-REPORTE-FISCALIZACION
ENT-REPORTE-GESTION|NORM|ENT-NORM-REPORTE-GESTION
ENT-REPORTE-INTEGRIDAD|SYS|ENT-SYS-REPORTE-INTEGRIDAD
ENT-REPOSITORIO-DAM|SYS|ENT-SYS-REPOSITORIO-DAM
ENT-REPOSITORIO-MULTIMEDIA|SYS|ENT-SYS-REPOSITORIO-MULTIMEDIA
ENT-REPOSITORIO|SYS|ENT-SYS-REPOSITORIO
ENT-REQUERIMIENTO-CIUDADANO|SOC|ENT-SOC-REQUERIMIENTO-CIUDADANO
ENT-REQUERIMIENTO-INTERNO|ORG|ENT-ORG-REQUERIMIENTO-INTERNO
ENT-REQUERIMIENTO-JUDICIAL|NORM|ENT-NORM-REQUERIMIENTO-JUDICIAL
ENT-REQUERIMIENTO|FIN|ENT-FIN-REQUERIMIENTO
ENT-REQUISITO-CONVENIO|FIN|ENT-FIN-REQUISITO-CONVENIO
ENT-RESERVA-RECURSO|SYS|ENT-SYS-RESERVA-RECURSO
ENT-RESERVA|SYS|ENT-SYS-RESERVA
ENT-RESOLUCION-CONJUNTA|NORM|ENT-NORM-RESOLUCION-CONJUNTA
ENT-RESOLUCION-EXENTA|NORM|ENT-NORM-RESOLUCION-EXENTA
ENT-RESOLUCION-JUDICIAL|NORM|ENT-NORM-RESOLUCION-JUDICIAL
ENT-RESOLUCION-NOMBRAMIENTO|NORM|ENT-NORM-RESOLUCION-NOMBRAMIENTO
ENT-RESOLUCION-SAG|NORM|ENT-NORM-RESOLUCION-SAG
ENT-RESOLUCION|NORM|ENT-NORM-RESOLUCION
ENT-RESULTADO-PERTINENCIA|EJE|ENT-EJE-RESULTADO-PERTINENCIA
ENT-REUNION-COORDINACION|GOV|ENT-GOV-REUNION-COORDINACION
ENT-ROADMAP-DIGITAL|TDE|ENT-TDE-ROADMAP-DIGITAL
ENT-ROL-SISTEMA|SYS|ENT-SYS-ROL-SISTEMA
ENT-RUTA-VIAL|TERR|ENT-TERR-RUTA-VIAL
ENT-RUTEO-AUTOMATICO|DIG|ENT-DIG-RUTEO-AUTOMATICO
ENT-SALA-REUNION|ORG|ENT-ORG-SALA-REUNION
ENT-SALDO-BENEFICIO|BACK|ENT-BACK-SALDO-BENEFICIO
ENT-SALDO-BIENESTAR|FIN|ENT-FIN-SALDO-BIENESTAR
ENT-SALDO-CAJA|FIN|ENT-FIN-SALDO-CAJA
ENT-SALDO-PRESUPUESTARIO|FIN|ENT-FIN-SALDO-PRESUPUESTARIO
ENT-SANCION-ADMINISTRATIVA|NORM|ENT-NORM-SANCION-ADMINISTRATIVA
ENT-SCHEMA|SYS|ENT-SYS-SCHEMA
ENT-SECTOR-INVERSION|EJE|ENT-EJE-SECTOR-INVERSION
ENT-SEGURIDAD-CIUDADANA|SOC|ENT-SOC-SEGURIDAD-CIUDADANA
ENT-SEGURO-COMPLEMENTARIO|FIN|ENT-FIN-SEGURO-COMPLEMENTARIO
ENT-SENSOR|SEG|ENT-SEG-SENSOR
ENT-SENTENCIA|JUEZ|ENT-JUEZ-SENTENCIA
ENT-SENTIMIENTO-REDES|SOC|ENT-SOC-SENTIMIENTO-REDES
ENT-SERVICES-HUB|TDE|ENT-TDE-SERVICES-HUB
ENT-SESION-AUTH|TDE|ENT-TDE-SESION-AUTH
ENT-SESION-COMITE|CONV|ENT-CONV-SESION-COMITE
ENT-SESION-PLENARIA|GOB|ENT-GOB-SESION-PLENARIA
ENT-SIGBIE|SYS|ENT-SYS-SIGBIE
ENT-SIMULACRO|TDE|ENT-TDE-SIMULACRO
ENT-SIMULADOR-QUORUM|GOB|ENT-GOB-SIMULADOR-QUORUM
ENT-SISTEMA-MUNICIPAL|SYS|ENT-SYS-SISTEMA-MUNICIPAL
ENT-SITIO-WEB|TDE|ENT-TDE-SITIO-WEB
ENT-SLO-DEFINITION|TDE|ENT-TDE-SLO-DEFINITION
ENT-SOCIO-BIENESTAR|FIN|ENT-FIN-SOCIO-BIENESTAR
ENT-SOLICITUD-ANTECEDENTES|NORM|ENT-NORM-SOLICITUD-ANTECEDENTES
ENT-SOLICITUD-BENEFICIO|SYS|ENT-SYS-SOLICITUD-BENEFICIO
ENT-SOLICITUD-COMPRA|FIN|ENT-FIN-SOLICITUD-COMPRA
ENT-SOLICITUD-GIRO|FIN|ENT-FIN-SOLICITUD-GIRO
ENT-SOLICITUD-LOGISTICA|SYS|ENT-SYS-SOLICITUD-LOGISTICA
ENT-SOLICITUD-MODIFICACION|EJE|ENT-EJE-SOLICITUD-MODIFICACION
ENT-SOLICITUD-SAI|OIRS|ENT-OIRS-SOLICITUD-SAI
ENT-SOLICITUD-TRANSPORTE|ORG|ENT-ORG-SOLICITUD-TRANSPORTE
ENT-STAGE-ENV|TDE|ENT-TDE-STAGE-ENV
ENT-STAKEHOLDER-RELATION|GOB|ENT-GOB-STAKEHOLDER-RELATION
ENT-STORAGE-ENV|OPS|ENT-OPS-STORAGE-ENV
ENT-STORY|PLAN|ENT-PLAN-STORY
ENT-SUBROGANTE|ORG|ENT-ORG-SUBROGANTE
ENT-SUBSIDIO-EVENTO|FIN|ENT-FIN-SUBSIDIO-EVENTO
ENT-TAG-DOCUMENTAL|SYS|ENT-SYS-TAG-DOCUMENTAL
ENT-TASA-EXITO-FORMULADOR|EJE|ENT-EJE-TASA-EXITO-FORMULADOR
ENT-TASA-INTERES|FIN|ENT-FIN-TASA-INTERES
ENT-TECNICO-MANTENCION|ORG|ENT-ORG-TECNICO-MANTENCION
ENT-TEMPLATE-ESTRAT|COM|ENT-COM-TEMPLATE-ESTRAT
ENT-TEST-AUTOMATICO|SYS|ENT-SYS-TEST-AUTOMATICO
ENT-TEXTO-OCR|TDE|ENT-TDE-TEXTO-OCR
ENT-TICKET-SOPORTE|SYS|ENT-SYS-TICKET-SOPORTE
ENT-TIMELINE-ACCIONES|TERR|ENT-TERR-TIMELINE-ACCIONES
ENT-TOPE-ANUAL-BIENESTAR|FIN|ENT-FIN-TOPE-ANUAL-BIENESTAR
ENT-TRAMITE-AGILIZADO|FIN|ENT-FIN-TRAMITE-AGILIZADO
ENT-TRANSACCION-CONVENIO|FIN|ENT-FIN-TRANSACCION-CONVENIO
ENT-TRANSACCION-EFECTIVO|FIN|ENT-FIN-TRANSACCION-EFECTIVO
ENT-TRANSCRIPCION-SESION|GOB|ENT-GOB-TRANSCRIPCION-SESION
ENT-TRANSFERENCIA-COMPETENCIAS|GOB|ENT-GOB-TRANSFERENCIA-COMPETENCIAS
ENT-TRANSFERENCIA-CORRIENTE|FIN|ENT-FIN-TRANSFERENCIA-CORRIENTE
ENT-TRANSFERENCIA-RESPONSABILIDAD|SYS|ENT-SYS-TRANSFERENCIA-RESPONSABILIDAD
ENT-TRAZABILIDAD-ACTO|SYS|ENT-SYS-TRAZABILIDAD-ACTO
ENT-TRAZABILIDAD-DECISION|SYS|ENT-SYS-TRAZABILIDAD-DECISION
ENT-TRAZABILIDAD|SYS|ENT-SYS-TRAZABILIDAD
ENT-TRIBUTACION-REGIONAL|FIN|ENT-FIN-TRIBUTACION-REGIONAL
ENT-TURNO-OPERATIVO|ORG|ENT-ORG-TURNO-OPERATIVO
ENT-TUTELA-ADMINISTRATIVA|NORM|ENT-NORM-TUTELA-ADMINISTRATIVA
ENT-UBICACION-ACTIVO|TDE|ENT-TDE-UBICACION-ACTIVO
ENT-UBICACION-ARCHIVO|TDE|ENT-TDE-UBICACION-ARCHIVO
ENT-UI-KIT|TDE|ENT-TDE-UI-KIT
ENT-UMBRAL-VARIACION|FIN|ENT-FIN-UMBRAL-VARIACION
ENT-UNIDAD-TRANSF|ORG|ENT-ORG-UNIDAD-TRANSF
ENT-USUARIO|SYS|ENT-SYS-USUARIO
ENT-VALIDACION-CONTABLE|FIN|ENT-FIN-VALIDACION-CONTABLE
ENT-VALIDEZ-LEGAL|NORM|ENT-NORM-VALIDEZ-LEGAL
ENT-VALOR-CUSTODIA|FIN|ENT-FIN-VALOR-CUSTODIA
ENT-VARIABLE-ESTACIONAL|SEG|ENT-SEG-VARIABLE-ESTACIONAL
ENT-VIATICO|FIN|ENT-FIN-VIATICO
ENT-VIDEOWALL-LAYOUT|SEG|ENT-SEG-VIDEOWALL-LAYOUT
ENT-VOTO-ELECTRONICO|SYS|ENT-SYS-VOTO-ELECTRONICO
ENT-VOUCHER|FIN|ENT-FIN-VOUCHER
ENT-VULNERABILIDAD-REPORTE|TDE|ENT-TDE-VULNERABILIDAD-REPORTE
ENT-ZONA-CATALIZADORA|TERR|ENT-TERR-ZONA-CATALIZADORA
ENT-ZONA-REZAGADA|TERR|ENT-TERR-ZONA-REZAGADA
ENT-ZONA-REZAGO|TERR|ENT-TERR-ZONA-REZAGO
ENT-ZONA-RIESGO|TERR|ENT-TERR-ZONA-RIESGO
